employee_id,department_id,expected_arrive,actual_arrive,expected_leave,actual_leave,status
100,90,2023/2/29 09:00:00,2023/2/29 09:00:00,2023/2/29 18:00:00,2023/2/29 18:00:00,pass
101,90,2023/2/29 09:00:00,2023/2/29 09:00:01,2023/2/29 18:00:00,2023/2/29 18:00:01,fail
102,90,2023/2/29 09:00:00,2023/2/29 09:00:2,2023/2/29 18:00:00,2023/2/29 18:00:02,fail
103,60,2023/2/29 09:00:00,2023/2/29 09:00:03,2023/2/29 18:00:00,2023/2/29 18:00:03,fail
104,60,2023/2/29 09:00:00,2023/2/29 09:00:04,2023/2/29 18:00:00,2023/2/29 18:00:04,fail
105,60,2023/2/29 09:00:00,2023/2/29 09:00:05,2023/2/29 18:00:00,2023/2/29 18:00:05,fail
106,60,2023/2/29 09:00:00,2023/2/29 09:00:06,2023/2/29 18:00:00,2023/2/29 18:00:06,fail
107,60,2023/2/29 09:00:00,2023/2/29 09:00:07,2023/2/29 18:00:00,2023/2/29 18:00:07,fail
108,100,2023/2/29 09:00:00,2023/2/29 09:00:08,2023/2/29 18:00:00,2023/2/29 18:00:08,fail
109,100,2023/2/29 09:00:00,2023/2/29 09:00:09,2023/2/29 18:00:00,2023/2/29 18:00:09,fail
110,100,2023/2/29 09:00:00,2023/2/29 09:00:10,2023/2/29 18:00:00,2023/2/29 18:00:10,fail
111,100,2023/2/29 09:00:00,2023/2/29 09:00:11,2023/2/29 18:00:00,2023/2/29 18:00:11,fail
112,100,2023/2/29 09:00:00,2023/2/29 09:00:12,2023/2/29 18:00:00,2023/2/29 18:00:12,fail
113,100,2023/2/29 09:00:00,2023/2/29 09:00:13,2023/2/29 18:00:00,2023/2/29 18:00:13,fail
114,30,2023/2/29 09:00:00,2023/2/29 09:00:14,2023/2/29 18:00:00,2023/2/29 18:00:14,fail
115,30,2023/2/29 09:00:00,2023/2/29 09:00:15,2023/2/29 18:00:00,2023/2/29 18:00:15,fail
116,30,2023/2/29 09:00:00,2023/2/29 09:00:16,2023/2/29 18:00:00,2023/2/29 18:00:16,fail
117,30,2023/2/29 09:00:00,2023/2/29 09:00:17,2023/2/29 18:00:00,2023/2/29 18:00:17,fail
118,30,2023/2/29 09:00:00,2023/2/29 09:00:18,2023/2/29 18:00:00,2023/2/29 18:00:18,fail
119,30,2023/2/29 09:00:00,2023/2/29 09:00:19,2023/2/29 18:00:00,2023/2/29 18:00:19,fail
120,50,2023/2/29 09:00:00,2023/2/29 09:00:20,2023/2/29 18:00:00,2023/2/29 18:00:20,fail
121,50,2023/2/29 09:00:00,2023/2/29 09:00:21,2023/2/29 18:00:00,2023/2/29 18:00:21,fail
122,50,2023/2/29 09:00:00,2023/2/29 09:00:22,2023/2/29 18:00:00,2023/2/29 18:00:22,fail
123,50,2023/2/29 09:00:00,2023/2/29 09:00:23,2023/2/29 18:00:00,2023/2/29 18:00:23,fail
124,50,2023/2/29 09:00:00,2023/2/29 09:00:24,2023/2/29 18:00:00,2023/2/29 18:00:24,fail
125,50,2023/2/29 09:00:00,2023/2/29 09:00:25,2023/2/29 18:00:00,2023/2/29 18:00:25,fail
126,50,2023/2/29 09:00:00,2023/2/29 09:00:26,2023/2/29 18:00:00,2023/2/29 18:00:26,fail
127,50,2023/2/29 09:00:00,2023/2/29 09:00:27,2023/2/29 18:00:00,2023/2/29 18:00:27,fail
128,50,2023/2/29 09:18:00,2023/2/29 09:18:00,2023/2/29 18:00:00,2023/2/29 18:00:27,pass
129,50,2023/2/29 09:18:01,2023/2/29 09:18:01,2023/2/29 18:00:00,2023/2/29 18:00:27,pass
130,50,2023/2/29 09:18:2,2023/2/29 09:18:2,2023/2/29 18:00:00,2023/2/29 18:00:27,pass
131,50,2023/2/29 09:18:03,2023/2/29 09:18:03,2023/2/29 18:00:00,2023/2/29 18:00:27,pass
132,50,2023/2/29 09:18:04,2023/2/29 09:18:04,2023/2/29 18:00:00,2023/2/29 18:00:27,pass
133,50,2023/2/29 09:18:05,2023/2/29 09:18:05,2023/2/29 18:00:00,2023/2/29 18:00:27,pass
134,50,2023/2/29 09:18:06,2023/2/29 09:18:06,2023/2/29 18:00:00,2023/2/29 18:00:27,pass
135,50,2023/2/29 09:18:07,2023/2/29 09:18:07,2023/2/29 18:00:00,2023/2/29 18:00:27,pass
136,50,2023/2/29 09:18:08,2023/2/29 09:18:08,2023/2/29 18:00:00,2023/2/29 18:00:27,pass
137,50,2023/2/29 09:18:09,2023/2/29 09:18:09,2023/2/29 18:00:00,2023/2/29 18:00:27,pass
138,50,2023/2/29 09:18:10,2023/2/29 09:18:10,2023/2/29 18:00:00,2023/2/29 18:00:27,pass
139,50,2023/2/29 09:18:11,2023/2/29 09:18:11,2023/2/29 18:00:00,2023/2/29 18:00:27,pass
140,50,2023/2/29 09:18:12,2023/2/29 09:18:12,2023/2/29 18:00:00,2023/2/29 18:00:27,pass
141,50,2023/2/29 09:18:13,2023/2/29 09:18:13,2023/2/29 18:00:00,2023/2/29 18:00:27,pass
142,50,2023/2/29 09:18:14,2023/2/29 09:18:14,2023/2/29 18:00:00,2023/2/29 18:00:27,pass
143,50,2023/2/29 09:18:15,2023/2/29 09:18:15,2023/2/29 18:00:00,2023/2/29 18:00:27,pass
144,50,2023/2/29 09:18:16,2023/2/29 09:18:16,2023/2/29 18:00:00,2023/2/29 18:00:27,pass
145,80,2023/2/29 09:18:17,2023/2/29 09:18:17,2023/2/29 18:00:00,2023/2/29 18:00:27,pass
146,80,2023/2/29 09:18:18,2023/2/29 09:18:18,2023/2/29 18:00:00,2023/2/29 18:00:27,pass
147,80,2023/2/29 09:18:19,2023/2/29 09:18:19,2023/2/29 18:00:00,2023/2/29 18:00:27,pass
148,80,2023/2/29 09:18:20,2023/2/29 09:18:20,2023/2/29 18:00:00,2023/2/29 18:00:27,pass
149,80,2023/2/29 09:18:21,2023/2/29 09:18:21,2023/2/29 18:00:00,2023/2/29 18:00:27,pass
150,80,2023/2/29 09:18:22,2023/2/29 09:18:22,2023/2/29 18:00:00,2023/2/29 18:00:27,pass
151,80,2023/2/29 09:18:23,2023/2/29 09:18:23,2023/2/29 18:00:00,2023/2/29 18:00:27,pass
152,80,2023/2/29 09:18:23,2023/2/29 09:18:23,2023/2/29 18:00:00,2023/2/29 18:00:27,pass
153,80,2023/2/29 09:18:23,2023/2/29 09:18:23,2023/2/29 18:00:00,2023/2/29 18:00:27,pass
154,80,2023/2/29 09:18:23,2023/2/29 09:18:23,2023/2/29 18:00:00,2023/2/29 18:00:27,pass
155,80,2023/2/29 09:18:23,2023/2/29 09:18:23,2023/2/29 18:00:00,2023/2/29 18:00:27,pass
156,80,2023/2/29 09:18:23,2023/2/29 09:18:23,2023/2/29 18:00:00,2023/2/29 18:00:27,pass
157,80,2023/2/29 09:18:23,2023/2/29 09:18:23,2023/2/29 18:00:00,2023/2/29 18:00:27,pass
158,80,2023/2/29 09:18:23,2023/2/29 09:18:23,2023/2/29 18:00:00,2023/2/29 18:00:27,pass
159,80,2023/2/29 09:18:23,2023/2/29 09:18:23,2023/2/29 18:00:00,2023/2/29 18:00:27,pass
160,80,2023/2/29 09:18:23,2023/2/29 09:18:23,2023/2/29 18:00:00,2023/2/29 18:00:27,pass
161,80,2023/2/29 09:18:23,2023/2/29 09:18:23,2023/2/29 18:00:00,2023/2/29 18:00:27,pass
162,80,2023/2/29 09:18:23,2023/2/29 09:18:23,2023/2/29 18:00:00,2023/2/29 18:00:27,pass
163,80,2023/2/29 09:18:23,2023/2/29 09:18:23,2023/2/29 18:00:00,2023/2/29 18:00:27,pass
164,80,2023/2/29 09:18:23,2023/2/29 09:18:23,2023/2/29 18:00:00,2023/2/29 18:00:27,pass
165,80,2023/2/29 09:18:23,2023/2/29 09:18:23,2023/2/29 18:00:00,2023/2/29 18:00:27,pass
166,80,2023/2/29 09:18:23,2023/2/29 09:18:23,2023/2/29 18:00:00,2023/2/29 18:00:27,pass
167,80,2023/2/29 09:18:23,2023/2/29 09:18:23,2023/2/29 18:00:00,2023/2/29 18:00:27,pass
168,80,2023/2/29 09:18:23,2023/2/29 09:18:23,2023/2/29 18:00:00,2023/2/29 18:00:27,pass
169,80,2023/2/29 09:18:23,2023/2/29 09:18:23,2023/2/29 18:00:00,2023/2/29 18:00:27,pass
170,80,2023/2/29 09:18:23,2023/2/29 09:18:23,2023/2/29 18:00:00,2023/2/29 18:00:27,pass
171,80,2023/2/29 09:18:23,2023/2/29 09:18:23,2023/2/29 18:00:00,2023/2/29 18:00:27,pass
172,80,2023/2/29 09:18:23,2023/2/29 09:18:23,2023/2/29 18:00:00,2023/2/29 18:00:27,pass
173,80,2023/2/29 09:18:23,2023/2/29 09:18:23,2023/2/29 18:00:00,2023/2/29 18:00:27,pass
174,80,2023/2/29 09:18:23,2023/2/29 09:18:23,2023/2/29 18:00:00,2023/2/29 18:00:27,pass
175,80,2023/2/29 09:18:23,2023/2/29 09:18:23,2023/2/29 18:00:00,2023/2/29 18:00:27,pass
176,80,2023/2/29 09:18:23,2023/2/29 09:18:23,2023/2/29 18:00:00,2023/2/29 18:00:27,pass
177,80,2023/2/29 09:18:23,2023/2/29 09:18:23,2023/2/29 18:00:00,2023/2/29 18:00:27,pass
178,NULL,2023/2/29 09:18:23,2023/2/29 09:18:23,2023/2/29 18:00:00,2023/2/29 18:00:27,pass
179,80,2023/2/29 09:18:23,2023/2/29 09:18:23,2023/2/29 18:00:00,2023/2/29 18:00:27,pass
180,50,2023/2/29 09:18:23,2023/2/29 09:18:23,2023/2/29 18:00:00,2023/2/29 18:00:27,pass
181,50,2023/2/29 09:18:23,2023/2/29 09:18:23,2023/2/29 18:00:00,2023/2/29 18:00:27,pass
182,50,2023/2/29 09:18:23,2023/2/29 09:18:23,2023/2/29 18:00:00,2023/2/29 18:00:27,pass
183,50,2023/2/29 09:18:23,2023/2/29 09:18:23,2023/2/29 18:00:00,2023/2/29 18:00:27,pass
184,50,2023/2/29 09:18:23,2023/2/29 09:18:23,2023/2/29 18:00:00,2023/2/29 18:00:27,pass
185,50,2023/2/29 09:18:23,2023/2/29 09:18:23,2023/2/29 18:00:00,2023/2/29 18:00:27,pass
186,50,2023/2/29 09:18:23,2023/2/29 09:18:23,2023/2/29 18:00:00,2023/2/29 18:00:27,pass
187,50,2023/2/29 09:18:23,2023/2/29 09:18:23,2023/2/29 18:00:00,2023/2/29 18:00:27,pass
188,50,2023/2/29 09:18:23,2023/2/29 09:18:23,2023/2/29 18:00:00,2023/2/29 18:00:27,pass
189,50,2023/2/29 09:18:23,2023/2/29 09:18:23,2023/2/29 18:00:00,2023/2/29 18:00:27,pass
190,50,2023/2/29 09:18:23,2023/2/29 09:18:23,2023/2/29 18:00:00,2023/2/29 18:00:27,pass
191,50,2023/2/29 09:18:23,2023/2/29 09:18:23,2023/2/29 18:00:00,2023/2/29 18:00:27,pass
192,50,2023/2/29 09:18:23,2023/2/29 09:18:23,2023/2/29 18:00:00,2023/2/29 18:00:27,pass
193,50,2023/2/29 09:18:23,2023/2/29 09:18:23,2023/2/29 18:00:00,2023/2/29 18:00:27,pass
194,50,2023/2/29 09:18:23,2023/2/29 09:18:23,2023/2/29 18:00:00,2023/2/29 18:00:27,pass
195,50,2023/2/29 09:18:23,2023/2/29 09:18:23,2023/2/29 18:00:00,2023/2/29 18:00:27,pass
196,50,2023/2/29 09:18:23,2023/2/29 09:18:23,2023/2/29 18:00:00,2023/2/29 18:00:27,pass
197,50,2023/2/29 09:18:23,2023/2/29 09:18:23,2023/2/29 18:00:00,2023/2/29 18:00:27,pass
198,50,2023/2/29 09:18:23,2023/2/29 09:18:23,2023/2/29 18:00:00,2023/2/29 18:00:27,pass
199,50,2023/2/29 09:18:23,2023/2/29 09:18:23,2023/2/29 18:00:00,2023/2/29 18:00:27,pass
200,10,2023/2/29 09:18:23,2023/2/29 09:18:23,2023/2/29 18:00:00,2023/2/29 18:00:27,pass
201,20,2023/2/29 09:18:23,2023/2/29 09:18:23,2023/2/29 18:00:00,2023/2/29 18:00:27,pass
202,20,2023/2/29 09:18:23,2023/2/29 09:18:23,2023/2/29 18:00:00,2023/2/29 18:00:27,pass
203,40,2023/2/29 09:18:23,2023/2/29 09:18:23,2023/2/29 18:00:00,2023/2/29 18:00:27,pass
204,70,2023/2/29 09:18:23,2023/2/29 09:18:23,2023/2/29 18:00:00,2023/2/29 18:00:27,pass
205,110,2023/2/29 09:18:23,2023/2/29 09:18:23,2023/2/29 18:00:00,2023/2/29 18:00:27,pass
206,110,2023/2/29 09:18:23,2023/2/29 09:18:23,2023/2/29 18:00:00,2023/2/29 18:00:27,pass
207,100,2023/2/29 09:18:23,2023/2/29 09:18:23,2023/2/29 18:00:00,2023/2/29 18:00:27,pass
208,100,2023/2/29 09:18:23,2023/2/29 09:18:23,2023/2/29 18:00:00,2023/2/29 18:00:27,pass
209,100,2023/2/29 09:18:23,2023/2/29 09:18:23,2023/2/29 18:00:00,2023/2/29 18:00:27,pass
210,100,2023/2/29 09:18:23,2023/2/29 09:18:23,2023/2/29 18:00:00,2023/2/29 18:00:27,pass
211,100,2023/2/29 09:18:23,2023/2/29 09:18:23,2023/2/29 18:00:00,2023/2/29 18:00:27,pass
212,100,2023/2/29 09:18:23,2023/2/29 09:18:23,2023/2/29 18:00:00,2023/2/29 18:00:27,pass
213,100,2023/2/29 09:18:23,2023/2/29 09:18:23,2023/2/29 18:00:00,2023/2/29 18:00:27,pass
214,100,2023/2/29 09:18:23,2023/2/29 09:18:23,2023/2/29 18:00:00,2023/2/29 18:00:27,pass
215,100,2023/2/29 09:18:23,2023/2/29 09:18:23,2023/2/29 18:00:00,2023/2/29 18:00:27,pass
216,100,2023/2/29 09:18:23,2023/2/29 09:18:23,2023/2/29 18:00:00,2023/2/29 18:00:27,pass
217,100,2023/2/29 09:18:23,2023/2/29 09:18:23,2023/2/29 18:00:00,2023/2/29 18:00:27,pass
218,100,2023/2/29 09:18:23,2023/2/29 09:18:23,2023/2/29 18:00:00,2023/2/29 18:00:27,pass
219,100,2023/2/29 09:18:23,2023/2/29 09:18:23,2023/2/29 18:00:00,2023/2/29 18:00:27,pass
220,100,2023/2/29 09:18:23,2023/2/29 09:18:23,2023/2/29 18:00:00,2023/2/29 18:00:27,pass
221,100,2023/2/29 09:18:23,2023/2/29 09:18:23,2023/2/29 18:00:00,2023/2/29 18:00:27,pass
222,100,2023/2/29 09:18:23,2023/2/29 09:18:23,2023/2/29 18:00:00,2023/2/29 18:00:27,pass
223,100,2023/2/29 09:18:23,2023/2/29 09:18:23,2023/2/29 18:00:00,2023/2/29 18:00:27,pass
224,100,2023/2/29 09:18:23,2023/2/29 09:18:23,2023/2/29 18:00:00,2023/2/29 18:00:27,pass
225,100,2023/2/29 09:18:23,2023/2/29 09:18:23,2023/2/29 18:00:00,2023/2/29 18:00:27,pass
226,100,2023/2/29 09:18:23,2023/2/29 09:18:23,2023/2/29 18:00:00,2023/2/29 18:00:27,pass
227,100,2023/2/29 09:18:23,2023/2/29 09:18:23,2023/2/29 18:00:00,2023/2/29 18:00:27,pass
228,100,2023/2/29 09:18:23,2023/2/29 09:18:23,2023/2/29 18:00:00,2023/2/29 18:00:27,pass
229,100,2023/2/29 09:18:23,2023/2/29 09:18:23,2023/2/29 18:00:00,2023/2/29 18:00:27,pass
230,100,2023/2/29 09:18:23,2023/2/29 09:18:23,2023/2/29 18:00:00,2023/2/29 18:00:27,pass
231,100,2023/2/29 09:18:23,2023/2/29 09:18:23,2023/2/29 18:00:00,2023/2/29 18:00:27,pass
232,100,2023/2/29 09:18:23,2023/2/29 09:18:23,2023/2/29 18:00:00,2023/2/29 18:00:27,pass
233,100,2023/2/29 09:18:23,2023/2/29 09:18:23,2023/2/29 18:00:00,2023/2/29 18:00:27,pass
234,100,2023/2/29 09:18:23,2023/2/29 09:18:23,2023/2/29 18:00:00,2023/2/29 18:00:27,pass
235,100,2023/2/29 09:18:23,2023/2/29 09:18:23,2023/2/29 18:00:00,2023/2/29 18:00:27,pass
236,100,2023/2/29 09:18:23,2023/2/29 09:18:23,2023/2/29 18:00:00,2023/2/29 18:00:27,pass
237,100,2023/2/29 09:18:23,2023/2/29 09:18:23,2023/2/29 18:00:00,2023/2/29 18:00:27,pass
238,100,2023/2/29 09:18:23,2023/2/29 09:18:23,2023/2/29 18:00:00,2023/2/29 18:00:27,pass
239,100,2023/2/29 09:18:23,2023/2/29 09:18:23,2023/2/29 18:00:00,2023/2/29 18:00:27,pass
240,100,2023/2/29 09:18:23,2023/2/29 09:18:23,2023/2/29 18:00:00,2023/2/29 18:00:27,pass
241,100,2023/2/29 09:18:23,2023/2/29 09:18:23,2023/2/29 18:00:00,2023/2/29 18:00:27,pass
242,100,2023/2/29 09:18:23,2023/2/29 09:18:23,2023/2/29 18:00:00,2023/2/29 18:00:27,pass
243,100,2023/2/29 09:18:23,2023/2/29 09:18:23,2023/2/29 18:00:00,2023/2/29 18:00:27,pass
244,100,2023/2/29 09:18:23,2023/2/29 09:18:23,2023/2/29 18:00:00,2023/2/29 18:00:27,pass
245,100,2023/2/29 09:18:23,2023/2/29 09:18:23,2023/2/29 18:00:00,2023/2/29 18:00:27,pass
246,100,2023/2/29 09:18:23,2023/2/29 09:18:23,2023/2/29 18:00:00,2023/2/29 18:00:27,pass
247,100,2023/2/29 09:18:23,2023/2/29 09:18:23,2023/2/29 18:00:00,2023/2/29 18:00:27,pass
248,100,2023/2/29 09:18:23,2023/2/29 09:18:23,2023/2/29 18:00:00,2023/2/29 18:00:27,pass
249,100,2023/2/29 09:18:23,2023/2/29 09:18:23,2023/2/29 18:00:00,2023/2/29 18:00:27,pass
250,100,2023/2/29 09:18:23,2023/2/29 09:18:23,2023/2/29 18:00:00,2023/2/29 18:00:27,pass
251,40,2023/2/29 09:18:23,2023/2/29 09:18:23,2023/2/29 18:00:00,2023/2/29 18:00:27,pass
252,40,2023/2/29 09:18:23,2023/2/29 09:18:23,2023/2/29 18:00:00,2023/2/29 18:00:27,pass
253,40,2023/2/29 09:18:23,2023/2/29 09:18:23,2023/2/29 18:00:00,2023/2/29 18:00:27,pass
254,40,2023/2/29 09:18:23,2023/2/29 09:18:23,2023/2/29 18:00:00,2023/2/29 18:00:27,pass
255,40,2023/2/29 09:18:23,2023/2/29 09:18:23,2023/2/29 18:00:00,2023/2/29 18:00:27,pass
256,40,2023/2/29 09:18:23,2023/2/29 09:18:23,2023/2/29 18:00:00,2023/2/29 18:00:27,pass
257,40,2023/2/29 09:18:23,2023/2/29 09:18:23,2023/2/29 18:00:00,2023/2/29 18:00:27,pass
258,40,2023/2/29 09:18:23,2023/2/29 09:18:23,2023/2/29 18:00:00,2023/2/29 18:00:27,pass
259,40,2023/2/29 09:18:23,2023/2/29 09:18:23,2023/2/29 18:00:00,2023/2/29 18:00:27,pass
260,40,2023/2/29 09:18:23,2023/2/29 09:18:23,2023/2/29 18:00:00,2023/2/29 18:00:27,pass
261,40,2023/2/29 09:18:23,2023/2/29 09:18:23,2023/2/29 18:00:00,2023/2/29 18:00:27,pass
262,40,2023/2/29 09:18:23,2023/2/29 09:18:23,2023/2/29 18:00:00,2023/2/29 18:00:27,pass
263,40,2023/2/29 09:18:23,2023/2/29 09:18:23,2023/2/29 18:00:00,2023/2/29 18:00:27,pass
264,40,2023/2/29 09:18:23,2023/2/29 09:18:23,2023/2/29 18:00:00,2023/2/29 18:00:27,pass
265,40,2023/2/29 09:18:23,2023/2/29 09:18:23,2023/2/29 18:00:00,2023/2/29 18:00:27,pass
266,40,2023/2/29 09:18:23,2023/2/29 09:18:23,2023/2/29 18:00:00,2023/2/29 18:00:27,pass
267,40,2023/2/29 09:18:23,2023/2/29 09:18:23,2023/2/29 18:00:00,2023/2/29 18:00:27,pass
268,40,2023/2/29 09:18:23,2023/2/29 09:18:23,2023/2/29 18:00:00,2023/2/29 18:00:27,pass
269,40,2023/2/29 09:18:23,2023/2/29 09:18:23,2023/2/29 18:00:00,2023/2/29 18:00:27,pass
270,40,2023/2/29 09:18:23,2023/2/29 09:18:23,2023/2/29 18:00:00,2023/2/29 18:00:27,pass
271,40,2023/2/29 09:18:23,2023/2/29 09:18:23,2023/2/29 18:00:00,2023/2/29 18:00:27,pass
272,40,2023/2/29 09:18:23,2023/2/29 09:18:23,2023/2/29 18:00:00,2023/2/29 18:00:27,pass
273,40,2023/2/29 09:18:23,2023/2/29 09:18:23,2023/2/29 18:00:00,2023/2/29 18:00:27,pass
274,40,2023/2/29 09:18:23,2023/2/29 09:18:23,2023/2/29 18:00:00,2023/2/29 18:00:27,pass
275,40,2023/2/29 09:18:23,2023/2/29 09:18:23,2023/2/29 18:00:00,2023/2/29 18:00:27,pass
276,40,2023/2/29 09:18:23,2023/2/29 09:18:23,2023/2/29 18:00:00,2023/2/29 18:00:27,pass
277,40,2023/2/29 09:18:23,2023/2/29 09:18:23,2023/2/29 18:00:00,2023/2/29 18:00:27,pass
278,40,2023/2/29 09:18:23,2023/2/29 09:18:23,2023/2/29 18:00:00,2023/2/29 18:00:27,pass
279,40,2023/2/29 09:18:23,2023/2/29 09:18:23,2023/2/29 18:00:00,2023/2/29 18:00:27,pass
280,40,2023/2/29 09:18:23,2023/2/29 09:18:23,2023/2/29 18:00:00,2023/2/29 18:00:27,pass
281,40,2023/2/29 09:18:23,2023/2/29 09:18:23,2023/2/29 18:00:00,2023/2/29 18:00:27,pass
282,40,2023/2/29 09:18:23,2023/2/29 09:18:23,2023/2/29 18:00:00,2023/2/29 18:00:27,pass
283,40,2023/2/29 09:18:23,2023/2/29 09:18:23,2023/2/29 18:00:00,2023/2/29 18:00:27,pass
284,40,2023/2/29 09:18:23,2023/2/29 09:18:23,2023/2/29 18:00:00,2023/2/29 18:00:27,pass
285,40,2023/2/29 09:18:23,2023/2/29 09:18:23,2023/2/29 18:00:00,2023/2/29 18:00:27,pass
286,40,2023/2/29 09:18:23,2023/2/29 09:18:23,2023/2/29 18:00:00,2023/2/29 18:00:27,pass
287,40,2023/2/29 09:18:23,2023/2/29 09:18:23,2023/2/29 18:00:00,2023/2/29 18:00:27,pass
288,40,2023/2/29 09:18:23,2023/2/29 09:18:23,2023/2/29 18:00:00,2023/2/29 18:00:27,pass
289,40,2023/2/29 09:18:23,2023/2/29 09:18:23,2023/2/29 18:00:00,2023/2/29 18:00:27,pass
290,40,2023/2/29 09:18:23,2023/2/29 09:18:23,2023/2/29 18:00:00,2023/2/29 18:00:27,pass
291,40,2023/2/29 09:18:23,2023/2/29 09:18:23,2023/2/29 18:00:00,2023/2/29 18:00:27,pass
292,40,2023/2/29 09:18:23,2023/2/29 09:18:23,2023/2/29 18:00:00,2023/2/29 18:00:27,pass
293,40,2023/2/29 09:18:23,2023/2/29 09:18:23,2023/2/29 18:00:00,2023/2/29 18:00:27,pass
294,40,2023/2/29 09:18:23,2023/2/29 09:18:23,2023/2/29 18:00:00,2023/2/29 18:00:27,pass
295,40,2023/2/29 09:18:23,2023/2/29 09:18:23,2023/2/29 18:00:00,2023/2/29 18:00:27,pass
296,40,2023/2/29 09:18:23,2023/2/29 09:18:23,2023/2/29 18:00:00,2023/2/29 18:00:27,pass
297,40,2023/2/29 09:18:23,2023/2/29 09:18:23,2023/2/29 18:00:00,2023/2/29 18:00:27,pass
298,40,2023/2/29 09:18:23,2023/2/29 09:18:23,2023/2/29 18:00:00,2023/2/29 18:00:27,pass
299,40,2023/2/29 09:18:23,2023/2/29 09:18:23,2023/2/29 18:00:00,2023/2/29 18:00:27,pass
300,40,2023/2/29 09:18:23,2023/2/29 09:18:23,2023/2/29 18:00:00,2023/2/29 18:00:27,pass
301,40,2023/2/29 09:18:23,2023/2/29 09:18:23,2023/2/29 18:00:00,2023/2/29 18:00:27,pass
302,40,2023/2/29 09:18:23,2023/2/29 09:18:23,2023/2/29 18:00:00,2023/2/29 18:00:27,pass
303,40,2023/2/29 09:18:23,2023/2/29 09:18:23,2023/2/29 18:00:00,2023/2/29 18:00:27,pass
304,40,2023/2/29 09:18:23,2023/2/29 09:18:23,2023/2/29 18:00:00,2023/2/29 18:00:27,pass
305,40,2023/2/29 09:18:23,2023/2/29 09:18:23,2023/2/29 18:00:00,2023/2/29 18:00:27,pass
306,40,2023/2/29 09:18:23,2023/2/29 09:18:23,2023/2/29 18:00:00,2023/2/29 18:00:27,pass
307,40,2023/2/29 09:18:23,2023/2/29 09:18:23,2023/2/29 18:00:00,2023/2/29 18:00:27,pass
308,40,2023/2/29 09:18:23,2023/2/29 09:18:23,2023/2/29 18:00:00,2023/2/29 18:00:27,pass
309,40,2023/2/29 09:18:23,2023/2/29 09:18:23,2023/2/29 18:00:00,2023/2/29 18:00:27,pass
310,40,2023/2/29 09:18:23,2023/2/29 09:18:23,2023/2/29 18:00:00,2023/2/29 18:00:27,pass
311,40,2023/2/29 09:18:23,2023/2/29 09:18:23,2023/2/29 18:00:00,2023/2/29 18:00:27,pass
312,40,2023/2/29 09:18:23,2023/2/29 09:18:23,2023/2/29 18:00:00,2023/2/29 18:00:27,pass
313,40,2023/2/29 09:18:23,2023/2/29 09:18:23,2023/2/29 18:00:00,2023/2/29 18:00:27,pass
314,40,2023/2/29 09:18:23,2023/2/29 09:18:23,2023/2/29 18:00:00,2023/2/29 18:00:27,pass
315,40,2023/2/29 09:18:23,2023/2/29 09:18:23,2023/2/29 18:00:00,2023/2/29 18:00:27,pass
316,40,2023/2/29 09:18:23,2023/2/29 09:18:23,2023/2/29 18:00:00,2023/2/29 18:00:27,pass
317,40,2023/2/29 09:18:23,2023/2/29 09:18:23,2023/2/29 18:00:00,2023/2/29 18:00:27,pass
318,40,2023/2/29 09:18:23,2023/2/29 09:18:23,2023/2/29 18:00:00,2023/2/29 18:00:27,pass
319,40,2023/2/29 09:18:23,2023/2/29 09:18:23,2023/2/29 18:00:00,2023/2/29 18:00:27,pass
320,40,2023/2/29 09:18:23,2023/2/29 09:18:23,2023/2/29 18:00:00,2023/2/29 18:00:27,pass
321,40,2023/2/29 09:18:23,2023/2/29 09:18:23,2023/2/29 18:00:00,2023/2/29 18:00:27,pass
322,40,2023/2/29 09:18:23,2023/2/29 09:18:23,2023/2/29 18:00:00,2023/2/29 18:00:27,pass
323,40,2023/2/29 09:18:23,2023/2/29 09:18:23,2023/2/29 18:00:00,2023/2/29 18:00:27,pass
324,40,2023/2/29 09:18:23,2023/2/29 09:18:23,2023/2/29 18:00:00,2023/2/29 18:00:27,pass
325,40,2023/2/29 09:18:23,2023/2/29 09:18:23,2023/2/29 18:00:00,2023/2/29 18:00:27,pass
326,40,2023/2/29 09:18:23,2023/2/29 09:18:23,2023/2/29 18:00:00,2023/2/29 18:00:27,pass
327,40,2023/2/29 09:18:23,2023/2/29 09:18:23,2023/2/29 18:00:00,2023/2/29 18:00:27,pass
328,40,2023/2/29 09:18:23,2023/2/29 09:18:23,2023/2/29 18:00:00,2023/2/29 18:00:27,pass
329,40,2023/2/29 09:18:23,2023/2/29 09:18:23,2023/2/29 18:00:00,2023/2/29 18:00:27,pass
330,40,2023/2/29 09:18:23,2023/2/29 09:18:23,2023/2/29 18:00:00,2023/2/29 18:00:27,pass
331,40,2023/2/29 09:18:23,2023/2/29 09:18:23,2023/2/29 18:00:00,2023/2/29 18:00:27,pass
332,40,2023/2/29 09:18:23,2023/2/29 09:18:23,2023/2/29 18:00:00,2023/2/29 18:00:27,pass
333,40,2023/2/29 09:18:23,2023/2/29 09:18:23,2023/2/29 18:00:00,2023/2/29 18:00:27,pass
334,40,2023/2/29 09:18:23,2023/2/29 09:18:23,2023/2/29 18:00:00,2023/2/29 18:00:27,pass
335,40,2023/2/29 09:18:23,2023/2/29 09:18:23,2023/2/29 18:00:00,2023/2/29 18:00:27,pass
336,40,2023/2/29 09:18:23,2023/2/29 09:18:23,2023/2/29 18:00:00,2023/2/29 18:00:27,pass
337,40,2023/2/29 09:18:23,2023/2/29 09:18:23,2023/2/29 18:00:00,2023/2/29 18:00:27,pass
338,40,2023/2/29 09:18:23,2023/2/29 09:18:23,2023/2/29 18:00:00,2023/2/29 18:00:27,pass
339,40,2023/2/29 09:18:23,2023/2/29 09:18:23,2023/2/29 18:00:00,2023/2/29 18:00:27,pass
340,40,2023/2/29 09:18:23,2023/2/29 09:18:23,2023/2/29 18:00:00,2023/2/29 18:00:27,pass
341,40,2023/2/29 09:18:23,2023/2/29 09:18:23,2023/2/29 18:00:00,2023/2/29 18:00:27,pass
342,40,2023/2/29 09:18:23,2023/2/29 09:18:23,2023/2/29 18:00:00,2023/2/29 18:00:27,pass
343,40,2023/2/29 09:18:23,2023/2/29 09:18:23,2023/2/29 18:00:00,2023/2/29 18:00:27,pass
344,40,2023/2/29 09:18:23,2023/2/29 09:18:23,2023/2/29 18:00:00,2023/2/29 18:00:27,pass
345,40,2023/2/29 09:18:23,2023/2/29 09:18:23,2023/2/29 18:00:00,2023/2/29 18:00:27,pass
346,40,2023/2/29 09:18:23,2023/2/29 09:18:23,2023/2/29 18:00:00,2023/2/29 18:00:27,pass
347,40,2023/2/29 09:18:23,2023/2/29 09:18:23,2023/2/29 18:00:00,2023/2/29 18:00:27,pass
348,40,2023/2/29 09:18:23,2023/2/29 09:18:23,2023/2/29 18:00:00,2023/2/29 18:00:27,pass
349,40,2023/2/29 09:18:23,2023/2/29 09:18:23,2023/2/29 18:00:00,2023/2/29 18:00:27,pass
350,40,2023/2/29 09:18:23,2023/2/29 09:18:23,2023/2/29 18:00:00,2023/2/29 18:00:27,pass
351,40,2023/2/29 09:18:23,2023/2/29 09:18:23,2023/2/29 18:00:00,2023/2/29 18:00:27,pass
352,40,2023/2/29 09:18:23,2023/2/29 09:18:23,2023/2/29 18:00:00,2023/2/29 18:00:27,pass
353,40,2023/2/29 09:20:23,2023/2/29 09:20:23,2023/2/29 18:00:00,2023/2/29 18:00:27,pass
354,40,2023/2/29 09:20:23,2023/2/29 09:20:23,2023/2/29 18:00:00,2023/2/29 18:00:27,pass
355,50,2023/2/29 09:20:23,2023/2/29 09:20:23,2023/2/29 18:00:00,2023/2/29 18:00:27,pass
356,50,2023/2/29 09:20:23,2023/2/29 09:20:23,2023/2/29 18:00:00,2023/2/29 18:00:27,pass
357,50,2023/2/29 09:20:23,2023/2/29 09:20:23,2023/2/29 18:00:00,2023/2/29 18:00:27,pass
358,50,2023/2/29 09:20:23,2023/2/29 09:20:23,2023/2/29 18:00:00,2023/2/29 18:00:27,pass
359,50,2023/2/29 09:20:23,2023/2/29 09:20:23,2023/2/29 18:00:00,2023/2/29 18:00:27,pass
360,50,2023/2/29 09:20:23,2023/2/29 09:20:23,2023/2/29 18:00:00,2023/2/29 18:00:27,pass
361,50,2023/2/29 09:20:23,2023/2/29 09:20:23,2023/2/29 18:00:00,2023/2/29 18:00:27,pass
362,50,2023/2/29 09:20:23,2023/2/29 09:20:23,2023/2/29 18:00:00,2023/2/29 18:00:27,pass
363,50,2023/2/29 09:20:23,2023/2/29 09:20:23,2023/2/29 18:00:00,2023/2/29 18:00:27,pass
364,50,2023/2/29 09:20:23,2023/2/29 09:20:23,2023/2/29 19:00:00,2023/2/29 18:00:27,fail
365,50,2023/2/29 09:20:23,2023/2/29 09:20:23,2023/2/29 19:00:00,2023/2/29 18:00:27,fail
366,50,2023/2/29 09:20:23,2023/2/29 09:20:23,2023/2/29 19:00:00,2023/2/29 18:00:27,fail
367,50,2023/2/29 09:20:23,2023/2/29 09:20:23,2023/2/29 19:00:00,2023/2/29 18:00:27,fail
368,50,2023/2/29 09:20:23,2023/2/29 09:20:23,2023/2/29 19:00:00,2023/2/29 18:00:27,fail
369,50,2023/2/29 09:20:23,2023/2/29 09:20:23,2023/2/29 19:00:00,2023/2/29 18:00:27,fail
370,50,2023/2/29 09:20:23,2023/2/29 09:20:23,2023/2/29 19:00:00,2023/2/29 18:00:27,fail
371,50,2023/2/29 09:20:23,2023/2/29 09:20:23,2023/2/29 19:00:00,2023/2/29 18:00:27,fail
372,50,2023/2/29 09:20:23,2023/2/29 09:20:23,2023/2/29 19:00:00,2023/2/29 18:00:27,fail
373,50,2023/2/29 09:20:23,2023/2/29 09:20:23,2023/2/29 19:00:00,2023/2/29 18:00:27,fail
374,50,2023/2/29 09:20:23,2023/2/29 09:20:23,2023/2/29 19:00:00,2023/2/29 18:00:27,fail
375,50,2023/2/29 09:20:23,2023/2/29 09:20:23,2023/2/29 19:00:00,2023/2/29 18:00:27,fail
376,50,2023/2/29 09:20:23,2023/2/29 09:20:23,2023/2/29 19:00:00,2023/2/29 18:00:27,fail
377,50,2023/2/29 09:20:23,2023/2/29 09:20:23,2023/2/29 19:00:00,2023/2/29 18:00:27,fail
378,50,2023/2/29 09:20:23,2023/2/29 09:20:23,2023/2/29 19:00:00,2023/2/29 18:00:27,fail
379,50,2023/2/29 09:20:23,2023/2/29 09:20:23,2023/2/29 19:00:00,2023/2/29 18:00:27,fail
380,50,2023/2/29 09:20:23,2023/2/29 09:20:23,2023/2/29 19:00:00,2023/2/29 18:00:27,fail
381,50,2023/2/29 09:20:23,2023/2/29 09:20:23,2023/2/29 19:00:00,2023/2/29 18:00:27,fail
382,50,2023/2/29 09:20:23,2023/2/29 09:20:23,2023/2/29 19:00:00,2023/2/29 18:00:27,fail
383,50,2023/2/29 09:20:23,2023/2/29 09:20:23,2023/2/29 19:00:00,2023/2/29 18:00:27,fail
384,50,2023/2/29 09:20:23,2023/2/29 09:20:23,2023/2/29 19:00:00,2023/2/29 18:00:27,fail
385,50,2023/2/29 09:20:23,2023/2/29 09:20:23,2023/2/29 19:00:00,2023/2/29 18:00:27,fail
386,50,2023/2/29 09:20:23,2023/2/29 09:20:23,2023/2/29 19:00:00,2023/2/29 18:00:27,fail
387,50,2023/2/29 09:20:23,2023/2/29 09:20:23,2023/2/29 19:00:00,2023/2/29 18:00:27,fail
388,50,2023/2/29 09:20:23,2023/2/29 09:20:23,2023/2/29 19:00:00,2023/2/29 18:00:27,fail
389,50,2023/2/29 09:20:23,2023/2/29 09:20:23,2023/2/29 19:00:00,2023/2/29 18:00:27,fail
390,50,2023/2/29 09:20:23,2023/2/29 09:20:23,2023/2/29 19:00:00,2023/2/29 18:00:27,fail
391,50,2023/2/29 09:20:23,2023/2/29 09:20:23,2023/2/29 19:00:00,2023/2/29 18:00:27,fail
392,50,2023/2/29 09:20:23,2023/2/29 09:20:23,2023/2/29 19:00:00,2023/2/29 18:00:27,fail
393,50,2023/2/29 09:20:23,2023/2/29 09:20:23,2023/2/29 19:00:00,2023/2/29 18:00:27,fail
394,50,2023/2/29 09:20:23,2023/2/29 09:20:23,2023/2/29 19:00:00,2023/2/29 18:00:27,fail
395,50,2023/2/29 09:20:23,2023/2/29 09:20:23,2023/2/29 19:00:00,2023/2/29 18:00:27,fail
396,50,2023/2/29 09:20:23,2023/2/29 09:20:23,2023/2/29 19:00:00,2023/2/29 18:00:27,fail
397,50,2023/2/29 09:20:23,2023/2/29 09:20:23,2023/2/29 19:00:00,2023/2/29 18:00:27,fail
398,50,2023/2/29 09:20:23,2023/2/29 09:20:23,2023/2/29 19:00:00,2023/2/29 18:00:27,fail
399,50,2023/2/29 09:20:23,2023/2/29 09:20:23,2023/2/29 19:00:00,2023/2/29 18:00:27,fail
400,50,2023/2/29 09:20:23,2023/2/29 09:20:23,2023/2/29 19:00:00,2023/2/29 18:00:27,fail
401,50,2023/2/29 09:20:23,2023/2/29 09:20:23,2023/2/29 19:00:00,2023/2/29 18:00:27,fail
402,50,2023/2/29 09:20:23,2023/2/29 09:20:23,2023/2/29 19:00:00,2023/2/29 18:00:27,fail
403,50,2023/2/29 09:20:23,2023/2/29 09:20:23,2023/2/29 19:00:00,2023/2/29 18:00:27,fail
404,50,2023/2/29 09:20:23,2023/2/29 09:20:23,2023/2/29 19:00:00,2023/2/29 18:00:27,fail
405,50,2023/2/29 09:20:23,2023/2/29 09:20:23,2023/2/29 19:00:00,2023/2/29 18:00:27,fail
406,50,2023/2/29 09:20:23,2023/2/29 09:20:23,2023/2/29 19:00:00,2023/2/29 18:00:27,fail
407,50,2023/2/29 09:20:23,2023/2/29 09:20:23,2023/2/29 19:00:00,2023/2/29 18:00:27,fail
408,50,2023/2/29 09:20:23,2023/2/29 09:20:23,2023/2/29 19:00:00,2023/2/29 18:00:27,fail
409,50,2023/2/29 09:20:23,2023/2/29 09:20:23,2023/2/29 19:00:00,2023/2/29 18:00:27,fail
410,50,2023/2/29 09:20:23,2023/2/29 09:20:23,2023/2/29 19:00:00,2023/2/29 18:00:27,fail
411,50,2023/2/29 09:20:23,2023/2/29 09:20:23,2023/2/29 19:00:00,2023/2/29 18:00:27,fail
412,50,2023/2/29 09:20:23,2023/2/29 09:20:23,2023/2/29 19:00:00,2023/2/29 18:00:27,fail
413,50,2023/2/29 09:20:23,2023/2/29 09:20:23,2023/2/29 19:00:00,2023/2/29 18:00:27,fail
414,50,2023/2/29 09:20:23,2023/2/29 09:20:23,2023/2/29 19:00:00,2023/2/29 18:00:27,fail
415,50,2023/2/29 09:20:23,2023/2/29 09:20:23,2023/2/29 19:00:00,2023/2/29 18:00:27,fail
416,50,2023/2/29 09:20:23,2023/2/29 09:20:23,2023/2/29 19:00:00,2023/2/29 18:00:27,fail
417,50,2023/2/29 09:20:23,2023/2/29 09:20:23,2023/2/29 19:00:00,2023/2/29 18:00:27,fail
418,50,2023/2/29 09:20:23,2023/2/29 09:20:23,2023/2/29 19:00:00,2023/2/29 18:00:27,fail
419,50,2023/2/29 09:20:23,2023/2/29 09:20:23,2023/2/29 19:00:00,2023/2/29 18:00:27,fail
420,50,2023/2/29 09:20:23,2023/2/29 09:20:23,2023/2/29 19:00:00,2023/2/29 18:00:27,fail
421,50,2023/2/29 09:20:23,2023/2/29 09:20:23,2023/2/29 19:00:00,2023/2/29 18:00:27,fail
422,50,2023/2/29 09:20:23,2023/2/29 09:20:23,2023/2/29 19:00:00,2023/2/29 18:00:27,fail
423,50,2023/2/29 09:20:23,2023/2/29 09:20:23,2023/2/29 19:00:00,2023/2/29 18:00:27,fail
424,50,2023/2/29 09:20:23,2023/2/29 09:20:23,2023/2/29 19:00:00,2023/2/29 18:00:27,fail
425,50,2023/2/29 09:20:23,2023/2/29 09:20:23,2023/2/29 19:00:00,2023/2/29 18:00:27,fail
426,50,2023/2/29 09:20:23,2023/2/29 09:20:23,2023/2/29 19:00:00,2023/2/29 18:00:27,fail
427,50,2023/2/29 09:20:23,2023/2/29 09:20:23,2023/2/29 19:00:00,2023/2/29 18:00:27,fail
428,50,2023/2/29 09:20:23,2023/2/29 09:20:23,2023/2/29 19:00:00,2023/2/29 18:00:27,fail
429,50,2023/2/29 09:20:23,2023/2/29 09:20:23,2023/2/29 19:00:00,2023/2/29 18:00:27,fail
430,50,2023/2/29 09:20:23,2023/2/29 09:20:23,2023/2/29 19:00:00,2023/2/29 18:00:27,fail
431,50,2023/2/29 09:20:23,2023/2/29 09:20:23,2023/2/29 19:00:00,2023/2/29 18:00:27,fail
432,50,2023/2/29 09:20:23,2023/2/29 09:20:23,2023/2/29 19:00:00,2023/2/29 18:00:27,fail
433,50,2023/2/29 09:20:23,2023/2/29 09:20:23,2023/2/29 19:00:00,2023/2/29 18:00:27,fail
434,50,2023/2/29 09:20:23,2023/2/29 09:20:23,2023/2/29 19:00:00,2023/2/29 18:00:27,fail
435,50,2023/2/29 09:20:23,2023/2/29 09:20:23,2023/2/29 19:00:00,2023/2/29 18:00:27,fail
436,50,2023/2/29 09:20:23,2023/2/29 09:20:23,2023/2/29 19:00:00,2023/2/29 18:00:27,fail
437,50,2023/2/29 09:20:23,2023/2/29 09:20:23,2023/2/29 19:00:00,2023/2/29 18:00:27,fail
438,50,2023/2/29 09:20:23,2023/2/29 09:20:23,2023/2/29 19:00:00,2023/2/29 18:00:27,fail
439,50,2023/2/29 09:20:23,2023/2/29 09:20:23,2023/2/29 19:00:00,2023/2/29 18:00:27,fail
440,50,2023/2/29 09:20:23,2023/2/29 09:20:23,2023/2/29 19:00:00,2023/2/29 18:00:27,fail
441,50,2023/2/29 09:20:23,2023/2/29 09:20:23,2023/2/29 19:00:00,2023/2/29 18:00:27,fail
442,50,2023/2/29 09:20:23,2023/2/29 09:20:23,2023/2/29 19:00:00,2023/2/29 18:00:27,fail
443,50,2023/2/29 09:20:23,2023/2/29 09:20:23,2023/2/29 19:00:00,2023/2/29 18:00:27,fail
444,50,2023/2/29 09:20:23,2023/2/29 09:20:23,2023/2/29 19:00:00,2023/2/29 18:00:27,fail
445,50,2023/2/29 09:20:23,2023/2/29 09:20:23,2023/2/29 19:00:00,2023/2/29 18:00:27,fail
446,50,2023/2/29 09:20:23,2023/2/29 09:20:23,2023/2/29 19:00:00,2023/2/29 18:00:27,fail
447,50,2023/2/29 09:20:23,2023/2/29 09:20:23,2023/2/29 19:00:00,2023/2/29 18:00:27,fail
448,50,2023/2/29 09:20:23,2023/2/29 09:20:23,2023/2/29 19:00:00,2023/2/29 18:00:27,fail
449,50,2023/2/29 09:20:23,2023/2/29 09:20:23,2023/2/29 19:00:00,2023/2/29 18:00:27,fail
450,50,2023/2/29 09:20:23,2023/2/29 09:20:23,2023/2/29 19:00:00,2023/2/29 18:00:27,fail
451,50,2023/2/29 09:20:23,2023/2/29 09:20:23,2023/2/29 19:00:00,2023/2/29 18:00:27,fail
452,50,2023/2/29 09:20:23,2023/2/29 09:20:23,2023/2/29 19:00:00,2023/2/29 18:00:27,fail
453,50,2023/2/29 09:20:23,2023/2/29 09:20:23,2023/2/29 19:00:00,2023/2/29 18:00:27,fail
454,50,2023/2/29 09:20:23,2023/2/29 09:20:23,2023/2/29 19:00:00,2023/2/29 18:00:27,fail
455,50,2023/2/29 09:20:23,2023/2/29 09:20:23,2023/2/29 19:00:00,2023/2/29 18:00:27,fail
456,50,2023/2/29 09:20:23,2023/2/29 09:20:23,2023/2/29 19:00:00,2023/2/29 18:00:27,fail
457,50,2023/2/29 09:20:23,2023/2/29 09:20:23,2023/2/29 19:00:00,2023/2/29 18:00:27,fail
458,50,2023/2/29 09:20:23,2023/2/29 09:20:23,2023/2/29 19:00:00,2023/2/29 18:00:27,fail
459,50,2023/2/29 09:20:23,2023/2/29 09:20:23,2023/2/29 19:00:00,2023/2/29 18:00:27,fail
460,50,2023/2/29 09:20:23,2023/2/29 09:20:23,2023/2/29 19:00:00,2023/2/29 18:00:27,fail
461,50,2023/2/29 09:20:23,2023/2/29 09:20:23,2023/2/29 19:00:00,2023/2/29 18:00:27,fail
462,50,2023/2/29 09:20:23,2023/2/29 09:20:23,2023/2/29 19:00:00,2023/2/29 18:00:27,fail
463,50,2023/2/29 09:20:23,2023/2/29 09:20:23,2023/2/29 19:00:00,2023/2/29 18:00:27,fail
464,50,2023/2/29 09:20:23,2023/2/29 09:20:23,2023/2/29 19:00:00,2023/2/29 18:00:27,fail
465,50,2023/2/29 09:20:23,2023/2/29 09:20:23,2023/2/29 19:00:00,2023/2/29 18:00:27,fail
466,50,2023/2/29 09:20:23,2023/2/29 09:20:23,2023/2/29 19:00:00,2023/2/29 18:00:27,fail
467,50,2023/2/29 09:20:23,2023/2/29 09:20:23,2023/2/29 19:00:00,2023/2/29 18:00:27,fail
468,50,2023/2/29 09:20:23,2023/2/29 09:20:23,2023/2/29 19:00:00,2023/2/29 18:00:27,fail
469,50,2023/2/29 09:20:23,2023/2/29 09:20:23,2023/2/29 19:00:00,2023/2/29 18:00:27,fail
470,50,2023/2/29 09:20:23,2023/2/29 09:20:23,2023/2/29 19:00:00,2023/2/29 18:00:27,fail
471,50,2023/2/29 09:20:23,2023/2/29 09:20:23,2023/2/29 19:00:00,2023/2/29 18:00:27,fail
472,50,2023/2/29 09:20:23,2023/2/29 09:20:23,2023/2/29 19:00:00,2023/2/29 18:00:27,fail
473,50,2023/2/29 09:20:23,2023/2/29 09:20:23,2023/2/29 19:00:00,2023/2/29 18:00:27,fail
474,50,2023/2/29 09:20:23,2023/2/29 09:20:23,2023/2/29 19:00:00,2023/2/29 18:00:27,fail
475,50,2023/2/29 09:20:23,2023/2/29 09:20:23,2023/2/29 19:00:00,2023/2/29 18:00:27,fail
476,50,2023/2/29 09:20:23,2023/2/29 09:20:23,2023/2/29 19:00:00,2023/2/29 18:00:27,fail
477,50,2023/2/29 09:20:23,2023/2/29 09:20:23,2023/2/29 19:00:00,2023/2/29 18:00:27,fail
478,50,2023/2/29 09:20:23,2023/2/29 09:20:23,2023/2/29 19:00:00,2023/2/29 18:00:27,fail
479,50,2023/2/29 09:20:23,2023/2/29 09:20:23,2023/2/29 19:00:00,2023/2/29 18:00:27,fail
480,70,2023/2/29 09:20:23,2023/2/29 09:20:23,2023/2/29 19:00:00,2023/2/29 18:00:27,fail
481,70,2023/2/29 09:20:23,2023/2/29 09:20:23,2023/2/29 19:00:00,2023/2/29 18:00:27,fail
482,70,2023/2/29 09:20:23,2023/2/29 09:20:23,2023/2/29 19:00:00,2023/2/29 18:00:27,fail
483,70,2023/2/29 09:20:23,2023/2/29 09:20:23,2023/2/29 19:00:00,2023/2/29 18:00:27,fail
484,70,2023/2/29 09:20:23,2023/2/29 09:20:23,2023/2/29 19:00:00,2023/2/29 18:00:27,fail
485,70,2023/2/29 09:20:23,2023/2/29 09:20:23,2023/2/29 19:00:00,2023/2/29 18:00:27,fail
486,70,2023/2/29 09:20:23,2023/2/29 09:20:23,2023/2/29 19:00:00,2023/2/29 18:00:27,fail
487,70,2023/2/29 09:20:23,2023/2/29 09:20:23,2023/2/29 19:00:00,2023/2/29 18:00:27,fail
488,70,2023/2/29 09:20:23,2023/2/29 09:20:23,2023/2/29 19:00:00,2023/2/29 18:00:27,fail
489,70,2023/2/29 09:20:23,2023/2/29 09:20:23,2023/2/29 19:00:00,2023/2/29 18:00:27,fail
490,70,2023/2/29 09:20:23,2023/2/29 09:20:23,2023/2/29 19:00:00,2023/2/29 18:00:27,fail
491,70,2023/2/29 09:20:23,2023/2/29 09:20:23,2023/2/29 19:00:00,2023/2/29 18:00:27,fail
492,70,2023/2/29 09:20:23,2023/2/29 09:20:23,2023/2/29 19:00:00,2023/2/29 18:00:27,fail
493,70,2023/2/29 09:20:23,2023/2/29 09:20:23,2023/2/29 19:00:00,2023/2/29 18:00:27,fail
494,70,2023/2/29 09:20:23,2023/2/29 09:20:23,2023/2/29 19:00:00,2023/2/29 18:00:27,fail
495,70,2023/2/29 09:20:23,2023/2/29 09:20:23,2023/2/29 19:00:00,2023/2/29 18:00:27,fail
496,70,2023/2/29 09:20:23,2023/2/29 09:20:23,2023/2/29 19:00:00,2023/2/29 18:00:27,fail
497,70,2023/2/29 09:20:23,2023/2/29 09:20:23,2023/2/29 19:00:00,2023/2/29 18:00:27,fail
498,70,2023/2/29 09:20:23,2023/2/29 09:20:23,2023/2/29 19:00:00,2023/2/29 18:00:27,fail
499,70,2023/2/29 09:20:23,2023/2/29 09:20:23,2023/2/29 19:00:00,2023/2/29 18:00:27,fail
500,70,2023/2/29 09:20:23,2023/2/29 09:20:23,2023/2/29 19:00:00,2023/2/29 18:00:27,fail
501,70,2023/2/29 09:20:23,2023/2/29 09:20:23,2023/2/29 19:00:00,2023/2/29 18:00:27,fail
502,70,2023/2/29 09:20:23,2023/2/29 09:20:23,2023/2/29 19:00:00,2023/2/29 18:00:27,fail
503,70,2023/2/29 09:20:23,2023/2/29 09:20:23,2023/2/29 19:00:00,2023/2/29 18:00:27,fail
504,70,2023/2/29 09:20:23,2023/2/29 09:20:23,2023/2/29 19:00:00,2023/2/29 18:00:27,fail
505,70,2023/2/29 09:20:23,2023/2/29 09:20:23,2023/2/29 19:00:00,2023/2/29 18:00:27,fail
506,70,2023/2/29 09:20:23,2023/2/29 09:20:23,2023/2/29 19:00:00,2023/2/29 18:00:27,fail
507,70,2023/2/29 09:20:23,2023/2/29 09:20:23,2023/2/29 19:00:00,2023/2/29 18:00:27,fail
508,70,2023/2/29 09:20:23,2023/2/29 09:20:23,2023/2/29 19:00:00,2023/2/29 18:00:27,fail
509,70,2023/2/29 09:20:23,2023/2/29 09:20:23,2023/2/29 19:00:00,2023/2/29 18:00:27,fail
510,70,2023/2/29 09:20:23,2023/2/29 09:20:23,2023/2/29 19:00:00,2023/2/29 18:00:27,fail
511,70,2023/2/29 09:20:23,2023/2/29 09:20:23,2023/2/29 19:00:00,2023/2/29 18:00:27,fail
512,70,2023/2/29 09:20:23,2023/2/29 09:20:23,2023/2/29 19:00:00,2023/2/29 18:00:27,fail
513,70,2023/2/29 09:20:23,2023/2/29 09:20:23,2023/2/29 19:00:00,2023/2/29 18:00:27,fail
514,70,2023/2/29 09:20:23,2023/2/29 09:20:23,2023/2/29 19:00:00,2023/2/29 18:00:27,fail
515,70,2023/2/29 09:20:23,2023/2/29 09:20:23,2023/2/29 19:00:00,2023/2/29 18:00:27,fail
516,70,2023/2/29 09:20:23,2023/2/29 09:20:23,2023/2/29 19:00:00,2023/2/29 18:00:27,fail
517,70,2023/2/29 09:20:23,2023/2/29 09:20:23,2023/2/29 19:00:00,2023/2/29 18:00:27,fail
518,70,2023/2/29 09:20:23,2023/2/29 09:20:23,2023/2/29 19:00:00,2023/2/29 18:00:27,fail
519,70,2023/2/29 09:20:23,2023/2/29 09:20:23,2023/2/29 19:00:00,2023/2/29 18:00:27,fail
520,70,2023/2/29 09:20:23,2023/2/29 09:20:23,2023/2/29 19:00:00,2023/2/29 18:00:27,fail
521,70,2023/2/29 09:20:23,2023/2/29 09:20:23,2023/2/29 19:00:00,2023/2/29 18:00:27,fail
522,70,2023/2/29 09:20:23,2023/2/29 09:20:23,2023/2/29 19:00:00,2023/2/29 18:00:27,fail
523,70,2023/2/29 09:20:23,2023/2/29 09:20:23,2023/2/29 19:00:00,2023/2/29 18:00:27,fail
524,70,2023/2/29 09:20:23,2023/2/29 09:20:23,2023/2/29 19:00:00,2023/2/29 18:00:27,fail
525,70,2023/2/29 09:20:23,2023/2/29 09:20:23,2023/2/29 19:00:00,2023/2/29 18:00:27,fail
526,70,2023/2/29 09:20:23,2023/2/29 09:20:23,2023/2/29 19:00:00,2023/2/29 18:00:27,fail
527,70,2023/2/29 09:20:23,2023/2/29 09:20:23,2023/2/29 19:00:00,2023/2/29 18:00:27,fail
528,70,2023/2/29 09:20:23,2023/2/29 09:20:23,2023/2/29 19:00:00,2023/2/29 18:00:27,fail
529,70,2023/2/29 09:20:23,2023/2/29 09:20:23,2023/2/29 19:00:00,2023/2/29 18:00:27,fail
530,70,2023/2/29 09:20:23,2023/2/29 09:20:23,2023/2/29 19:00:00,2023/2/29 18:00:27,fail
531,70,2023/2/29 09:20:23,2023/2/29 09:20:23,2023/2/29 19:00:00,2023/2/29 18:00:27,fail
532,70,2023/2/29 09:20:23,2023/2/29 09:20:23,2023/2/29 19:00:00,2023/2/29 18:00:27,fail
533,70,2023/2/29 09:20:23,2023/2/29 09:20:23,2023/2/29 19:00:00,2023/2/29 18:00:27,fail
534,70,2023/2/29 09:20:23,2023/2/29 09:20:23,2023/2/29 19:00:00,2023/2/29 18:00:27,fail
535,70,2023/2/29 09:20:23,2023/2/29 09:20:23,2023/2/29 19:00:00,2023/2/29 18:00:27,fail
536,70,2023/2/29 09:20:23,2023/2/29 09:20:23,2023/2/29 19:00:00,2023/2/29 18:00:27,fail
537,70,2023/2/29 09:20:23,2023/2/29 09:20:23,2023/2/29 19:00:00,2023/2/29 18:00:27,fail
538,70,2023/2/29 09:20:23,2023/2/29 09:20:23,2023/2/29 19:00:00,2023/2/29 18:00:27,fail
539,70,2023/2/29 09:20:23,2023/2/29 09:20:23,2023/2/29 19:00:00,2023/2/29 18:00:27,fail
540,70,2023/2/29 09:20:23,2023/2/29 09:20:23,2023/2/29 19:00:00,2023/2/29 18:00:27,fail
541,70,2023/2/29 09:20:23,2023/2/29 09:20:23,2023/2/29 19:00:00,2023/2/29 18:00:27,fail
542,70,2023/2/29 09:20:23,2023/2/29 09:20:23,2023/2/29 19:00:00,2023/2/29 18:00:27,fail
543,70,2023/2/29 09:20:23,2023/2/29 09:20:23,2023/2/29 19:00:00,2023/2/29 18:00:27,fail
544,70,2023/2/29 09:20:23,2023/2/29 09:20:23,2023/2/29 19:00:00,2023/2/29 18:00:27,fail
545,70,2023/2/29 09:20:23,2023/2/29 09:20:23,2023/2/29 19:00:00,2023/2/29 18:00:27,fail
546,70,2023/2/29 09:20:23,2023/2/29 09:20:23,2023/2/29 19:00:00,2023/2/29 18:00:27,fail
547,70,2023/2/29 09:20:23,2023/2/29 09:20:23,2023/2/29 19:00:00,2023/2/29 18:00:27,fail
548,70,2023/2/29 09:20:23,2023/2/29 09:20:23,2023/2/29 19:00:00,2023/2/29 18:00:27,fail
549,70,2023/2/29 09:20:23,2023/2/29 09:20:23,2023/2/29 19:00:00,2023/2/29 18:00:27,fail
550,70,2023/2/29 09:20:23,2023/2/29 09:20:23,2023/2/29 19:00:00,2023/2/29 18:00:27,fail
551,70,2023/2/29 09:20:23,2023/2/29 09:20:23,2023/2/29 19:00:00,2023/2/29 18:00:27,fail
552,70,2023/2/29 09:20:23,2023/2/29 09:20:23,2023/2/29 19:00:00,2023/2/29 18:00:27,fail
553,70,2023/2/29 09:20:23,2023/2/29 09:20:23,2023/2/29 19:00:00,2023/2/29 18:00:27,fail
554,70,2023/2/29 09:20:23,2023/2/29 09:20:23,2023/2/29 19:00:00,2023/2/29 18:00:27,fail
555,70,2023/2/29 09:20:23,2023/2/29 09:20:23,2023/2/29 19:00:00,2023/2/29 18:00:27,fail
556,70,2023/2/29 09:20:23,2023/2/29 09:20:23,2023/2/29 19:00:00,2023/2/29 18:00:27,fail
557,70,2023/2/29 09:20:23,2023/2/29 09:20:23,2023/2/29 19:00:00,2023/2/29 18:00:27,fail
558,70,2023/2/29 09:20:23,2023/2/29 09:20:23,2023/2/29 19:00:00,2023/2/29 18:00:27,fail
559,70,2023/2/29 09:20:23,2023/2/29 09:20:23,2023/2/29 19:00:00,2023/2/29 18:00:27,fail
560,70,2023/2/29 09:20:23,2023/2/29 09:20:23,2023/2/29 19:00:00,2023/2/29 18:00:27,fail
561,70,2023/2/29 09:20:23,2023/2/29 09:20:23,2023/2/29 19:00:00,2023/2/29 18:00:27,fail
562,70,2023/2/29 09:20:23,2023/2/29 09:20:23,2023/2/29 19:00:00,2023/2/29 18:00:27,fail
563,70,2023/2/29 09:20:23,2023/2/29 09:20:23,2023/2/29 19:00:00,2023/2/29 18:00:27,fail
564,70,2023/2/29 09:20:23,2023/2/29 09:20:23,2023/2/29 19:00:00,2023/2/29 18:00:27,fail
565,70,2023/2/29 09:20:23,2023/2/29 09:20:23,2023/2/29 19:00:00,2023/2/29 18:00:27,fail
566,70,2023/2/29 09:20:23,2023/2/29 09:20:23,2023/2/29 19:00:00,2023/2/29 18:00:27,fail
567,70,2023/2/29 09:20:23,2023/2/29 09:20:23,2023/2/29 19:00:00,2023/2/29 18:00:27,fail
568,70,2023/2/29 09:20:23,2023/2/29 09:20:23,2023/2/29 19:00:00,2023/2/29 18:00:27,fail
569,70,2023/2/29 09:20:23,2023/2/29 09:20:23,2023/2/29 19:00:00,2023/2/29 18:00:27,fail
570,70,2023/2/29 09:20:23,2023/2/29 09:20:23,2023/2/29 19:00:00,2023/2/29 18:00:27,fail
571,70,2023/2/29 09:20:23,2023/2/29 09:20:23,2023/2/29 19:00:00,2023/2/29 18:00:27,fail
572,70,2023/2/29 09:20:23,2023/2/29 09:20:23,2023/2/29 19:00:00,2023/2/29 18:00:27,fail
573,70,2023/2/29 09:20:23,2023/2/29 09:20:23,2023/2/29 19:00:00,2023/2/29 18:00:27,fail
574,70,2023/2/29 09:20:23,2023/2/29 09:20:23,2023/2/29 19:00:00,2023/2/29 18:00:27,fail
575,80,2023/2/29 09:20:23,2023/2/29 09:20:23,2023/2/29 19:00:00,2023/2/29 18:00:27,fail
576,80,2023/2/29 09:20:23,2023/2/29 09:20:23,2023/2/29 19:00:00,2023/2/29 18:00:27,fail
577,80,2023/2/29 09:20:23,2023/2/29 09:20:23,2023/2/29 19:00:00,2023/2/29 18:00:27,fail
578,80,2023/2/29 09:20:23,2023/2/29 09:20:23,2023/2/29 19:00:00,2023/2/29 18:00:27,fail
579,80,2023/2/29 09:20:23,2023/2/29 09:20:23,2023/2/29 19:00:00,2023/2/29 18:00:27,fail
580,80,2023/2/29 09:20:23,2023/2/29 09:20:23,2023/2/29 19:00:00,2023/2/29 18:00:27,fail
581,80,2023/2/29 09:20:23,2023/2/29 09:20:23,2023/2/29 19:00:00,2023/2/29 18:00:27,fail
582,80,2023/2/29 09:20:23,2023/2/29 09:20:23,2023/2/29 19:00:00,2023/2/29 18:00:27,fail
583,80,2023/2/29 09:20:24,2023/2/29 09:20:24,2023/2/29 19:00:01,2023/2/29 18:00:28,pass
584,80,2023/2/29 09:20:25,2023/2/29 09:20:25,2023/2/29 19:00:2,2023/2/29 18:00:29,pass
585,80,2023/2/29 09:20:26,2023/2/29 09:20:26,2023/2/29 19:00:03,2023/2/29 18:00:30,pass
586,80,2023/2/29 09:20:27,2023/2/29 09:20:27,2023/2/29 19:00:04,2023/2/29 18:00:31,pass
587,80,2023/2/29 09:20:28,2023/2/29 09:20:28,2023/2/29 19:00:05,2023/2/29 18:00:32,pass
588,80,2023/2/29 09:20:29,2023/2/29 09:20:29,2023/2/29 19:00:06,2023/2/29 18:00:33,pass
589,80,2023/2/29 09:20:30,2023/2/29 09:20:30,2023/2/29 19:00:07,2023/2/29 18:00:34,pass
590,80,2023/2/29 09:20:31,2023/2/29 09:20:31,2023/2/29 19:00:08,2023/2/29 18:00:35,pass
591,80,2023/2/29 09:20:32,2023/2/29 09:20:32,2023/2/29 19:00:09,2023/2/29 18:00:36,pass
592,80,2023/2/29 09:20:33,2023/2/29 09:20:33,2023/2/29 19:00:10,2023/2/29 18:00:37,pass
593,80,2023/2/29 09:20:34,2023/2/29 09:20:34,2023/2/29 19:00:11,2023/2/29 18:00:38,pass
594,80,2023/2/29 09:20:35,2023/2/29 09:20:35,2023/2/29 19:00:12,2023/2/29 18:00:39,pass
595,80,2023/2/29 09:20:36,2023/2/29 09:20:36,2023/2/29 19:00:13,2023/2/29 18:00:40,pass
596,80,2023/2/29 09:20:37,2023/2/29 09:20:37,2023/2/29 19:00:14,2023/2/29 18:00:41,pass
597,80,2023/2/29 09:20:38,2023/2/29 09:20:38,2023/2/29 19:00:15,2023/2/29 18:00:42,pass
598,80,2023/2/29 09:20:39,2023/2/29 09:20:39,2023/2/29 19:00:16,2023/2/29 18:00:43,pass
599,80,2023/2/29 09:20:40,2023/2/29 09:20:40,2023/2/29 19:00:17,2023/2/29 18:00:44,pass
600,80,2023/2/29 09:20:41,2023/2/29 09:20:41,2023/2/29 19:00:18,2023/2/29 18:00:45,pass
